daydate,count,tone
20150218,12,0.5453112112179247
20150219,92,0.052328107097431513
20150220,51,-0.0902745618468197
20150221,23,0.038718667851952028
20150222,7,0.28194784758882174
20150223,44,-0.33829868921572537
20150224,83,0.55088696116341918
20150225,178,0.60813372046122893
20150226,100,-0.10168580157058524
20150227,69,0.73881355524072867
20150228,19,0.21761995805827686
20150301,21,-0.54325830458773983
20150302,90,0.72029263948204
20150303,203,0.076651551375103363
20150304,153,-0.0057928036381978965
20150305,187,0.61834109493273
20150306,113,1.6844289080804762
20150307,16,1.3394565544168175
20150308,37,0.50129049272185411
20150309,192,0.052281699106827909
20150310,187,0.55026959678957932
20150311,118,0.32296419607409022
20150312,154,-0.6973177298690898
20150313,154,-0.87169765926903742
20150314,43,-0.54112146233432512
20150315,22,-0.3477927823903687
20150316,120,0.21240220841336332
20150317,189,-1.2232989998537354
20150318,179,-0.65892821169083637
20150319,107,0.49859727646155494
20150320,62,-0.25372309066009735
20150321,24,-0.311419342533841
20150322,56,-0.779752115542699
20150323,103,0.11881347310244872
20150324,147,-0.752922325578007
20150325,101,0.43272761584902697
20150326,70,0.70476968183458
20150327,91,0.60219363580728225
20150328,97,1.4256764382501219
20150329,62,-2.1720821322003028
20150330,113,0.223605597824039
20150331,154,0.91366510311429738
20150401,82,0.64007825689842757
20150402,127,0.769110435181311
20150403,25,-0.3155421147235663
20150404,24,-0.98917727984737447
20150405,28,-0.30764555222183815
20150406,139,-0.36962830881106529
20150407,150,0.29219458541418886
20150408,154,0.61222225348421344
20150409,81,-0.28501609858471288
20150410,127,0.42699153291977993
20150411,44,-0.15506580714806328
20150412,25,-0.044657852852990433
20150413,134,0.29491303394706692
20150414,136,0.33145237613777379
20150415,160,-0.31270327114544261
20150416,83,0.69449894630398035
20150417,150,0.43852235982554083
20150418,11,0.35916591253995522
20150419,21,-0.23302839721320368
20150420,90,0.90612654241626578
20150421,86,0.34400765164213254
20150422,117,0.47652808775091915
20150423,129,0.9305924207051044
20150424,70,0.64735763936954716
20150425,34,-0.38460657858298331
20150426,14,-1.4860769702507022
20150427,64,0.85687661793197467
20150428,130,0.78473433844763441
20150429,103,0.31259620645961778
20150430,200,-1.2402862777956405
20150501,112,-0.017133675299970227
20150502,98,-3.4226574264683771
20150503,67,-0.89677378760340265
20150504,85,0.65322633845871947
20150505,142,0.3426397593729763
20150506,209,-0.69732242140797451
20150507,114,-0.0035603199522261653
20150508,134,0.49433151146520021
20150509,23,0.11056130434657602
20150510,31,1.320497185214605
20150511,133,-0.47344914838892849
20150512,141,0.77335805874639618
20150513,149,-0.55212830220269371
20150514,114,0.88692362210966513
20150515,161,0.76971277225288781
20150516,30,-0.32470164707802651
20150517,24,-0.21723139513114395
20150518,56,1.1722667974809764
20150519,86,0.58740538721176827
20150520,119,0.97365881761258688
20150521,179,0.41804347002608572
20150522,135,-0.24250237663958213
20150523,34,-0.74107077605974392
20150524,18,-0.38667561306733728
20150525,117,0.47234210665647058
20150526,115,0.36020472358071765
20150527,87,-0.019416278461622472
20150528,104,0.3894275552002589
20150529,98,0.28317010128334918
20150530,73,-3.16018839434264
20150531,27,-0.12432927164558366
20150601,94,1.0990879816280208
20150602,123,1.1025738763756574
20150603,105,-0.35801934889996606
20150604,182,-0.50902668242486626
20150605,85,-0.5917477900938003
20150606,17,-0.83008781074761739
20150607,48,-0.0054883642699557963
20150608,139,0.1739811288211166
20150609,109,0.83630541498184363
20150610,135,-0.57588237966352385
20150611,135,-1.561797296674055
20150612,156,-1.0138326744702109
20150613,29,-1.1425199791095062
20150614,85,-1.3990984025590192
20150615,289,0.33920284232495296
20150616,195,-0.53538644829569482
20150617,119,0.83832947097787369
20150618,151,-2.2733608812216612
20150619,158,0.47939967710720538
20150620,14,-0.60817987990740041
20150621,13,-1.296576792771432
20150622,178,-0.0958016162472082
20150623,106,0.62224194542593214
20150624,77,0.46580928785103393
20150625,73,-0.14637924561426296
20150626,80,0.27918247558662446
20150627,14,0.70850755171912572
20150628,19,-1.5697283269833731
20150629,91,1.3049801310109197
20150630,127,0.46654124118946116
20150701,70,0.27807177352010137
20150702,102,0.38067170769031367
20150703,72,0.67548170310696554
20150704,31,0.93508782623306375
20150705,87,-2.761012979230018
20150706,96,0.14594350599024758
20150707,182,-0.069341048926912341
20150708,124,0.46867154878406697
20150709,302,-1.7841734712563146
20150710,111,0.080385425482896941
20150711,41,-0.23469248521119943
20150712,83,-1.1468003580616255
20150713,127,-0.43388030841033831
20150714,200,0.43115190238061352
20150715,169,-1.0455943692291989
20150716,153,-0.14854547066264664
20150717,147,0.22961096184839447
20150718,85,-1.1805226028263336
20150719,28,-0.32712956474364169
20150720,95,0.23195012026650022
20150721,110,0.32360956855378242
20150722,131,0.10949262556887498
20150723,165,0.53980504459194978
20150724,86,0.31014918316892515
20150725,23,-0.557200450662939
20150726,25,0.23932749249042609
20150727,90,1.7619904115733265
20150728,117,0.159477017292182
20150729,133,-0.0048182754765864338
20150730,134,-0.11302036827487391
20150731,173,-1.1308277523863721
20150801,65,-1.7164803753056068
20150802,43,-1.0010454885265179
20150803,39,0.8377033979477847
20150804,140,0.84591351172568685
20150805,87,0.44287602809582061
20150806,128,0.41825846965180585
20150807,139,-1.1186702948877074
20150808,20,0.38514121216887515
20150809,50,0.2210456200315522
20150810,86,0.68049904567614161
20150811,295,-2.4700038249371881
20150812,141,-0.52913617290713288
20150813,275,-1.1566753090738711
20150814,210,-1.1689945683306735
20150815,52,-1.1064643427102008
20150816,80,-0.9649170311022498
20150817,60,-0.96762226284003428
20150818,125,1.1297408734772336
20150819,150,-0.0699828028933703
20150820,137,-0.39695900001172557
20150821,114,-0.644854269238316
20150822,51,-0.93523300519254016
20150823,38,-0.979129378602818
20150824,81,0.069970781952318914
20150825,144,0.5799469971810105
20150826,134,-1.006419978356653
20150827,104,0.15265054325271629
20150828,111,-0.21369174252011144
20150829,51,0.14632956036691885
20150830,29,0.95966295551483294
20150831,176,0.65956349705287165
20150901,272,-1.9763820342899197
20150902,168,-0.47930611831195136
20150903,84,0.99333473254758919
20150904,114,0.020227776035748941
20150905,42,-0.23124451503079971
20150906,44,-0.18356791908804637
20150907,30,-0.0086542013946792062
20150908,80,0.76799747766569715
20150909,166,0.33675517152323292
20150910,211,0.95663820285402168
20150911,94,0.14844892163668616
20150912,29,0.35446031071016881
20150913,46,0.10025120094255296
20150914,115,-0.36308647449698367
20150915,136,-0.14480724921118354
20150916,174,-0.14354692580249154
20150917,139,1.1743873012061936
20150918,189,-1.4111062511599066
20150919,20,-0.49505797054427414
20150920,23,0.41744548808479542
20150921,99,0.24874370350801289
20150922,183,-0.8592535239727942
20150923,316,-1.4990881264459837
20150924,155,-0.26949584345512484
20150925,87,0.3450609299504645
20150926,112,-5.258287362807998
20150927,60,-4.5340686531185428
20150928,48,0.50051780592579043
20150929,134,0.19179638680365918
20150930,125,-0.19547717251653202
20151001,130,0.76903818182195716
20151002,81,0.048476115517687261
20151003,30,-0.28371568250952067
20151004,28,-1.7984862518809046
20151005,88,0.050854751377682979
20151006,67,0.336293040660814
20151007,192,-0.93464279548160656
20151008,156,0.24509467522724804
20151009,85,0.66907751672438687
20151010,77,-0.089047859841724281
20151011,29,0.44544955541577419
20151012,53,-0.18450400309480081
20151013,71,0.39962076708912453
20151014,136,0.53009210689706454
20151015,195,-0.21424270053090741
20151016,122,0.28986178012953778
20151017,41,0.30620720748547836
20151018,38,1.071259962570337
20151019,200,1.0236076257122857
20151020,119,1.0260073590621528
20151021,14,-0.070806138069058777
20151022,3,-0.73421013169251514
20151023,83,0.4800899618589492
20151024,27,0.42698388532482129
20151025,52,-0.037628029516022725
20151026,138,-1.0786364678953837
20151027,152,0.43028529269782012
20151028,168,-0.60325515092365223
20151029,254,-2.1181537400809036
20151030,169,-0.30819907349162812
20151031,33,-0.50270290673223528
20151101,27,-1.0412815815575778
20151102,126,-1.740979838612027
20151103,121,0.71275502469311047
20151104,149,0.820763022758056
20151105,167,0.3982587625693591
20151106,110,0.17474821252836192
20151107,22,0.38567129274120132
20151108,14,0.73050661219387869
20151109,117,0.15535846928370278
20151110,94,0.33325128854325936
20151111,110,-0.087916470006554337
20151112,162,0.94718871685446615
20151113,193,-0.17066266699149468
20151114,45,-1.2085583070698396
20151115,36,0.54981097255577682
20151116,147,-0.31274506659278795
20151117,108,0.37108743190329563
20151118,111,1.1760527353662882
20151119,86,0.92564162027842589
20151120,85,-0.18314668414170474
20151121,34,0.011964650839528329
20151122,27,-0.64094720293787466
20151123,260,1.6355282582485335
20151124,128,0.85073939450035974
20151125,112,0.91592380810481688
20151126,107,0.37611241939398476
20151127,99,0.30843017413544643
20151128,57,0.065351255330761152
20151129,46,-1.0591168257838128
20151130,204,-1.8878711729791029
20151201,171,-2.2044621103588589
20151202,133,-0.47638485190980068
20151203,174,0.15546694730763536
20151204,156,0.28767543831310621
20151205,72,-0.46842404776215735
20151206,53,0.4776430617546123
20151207,99,1.176538769790753
20151208,166,-0.47548838137478611
20151209,151,-0.20095760047389274
20151210,163,-0.26566339698873009
20151211,268,-0.95209173520676582
20151212,58,-0.85650339229992789
20151213,71,-1.0049577691969234
20151214,152,-0.41807540778618391
20151215,268,-1.6728412096408105
20151216,161,-0.64539809874848519
20151217,163,0.41453777394286151
20151218,107,0.97548450051036184
20151219,26,-1.2451656717501942
20151220,65,-1.1544887051962829
20151221,97,-0.027763655475117072
20151222,156,-1.294289291706709
20151223,187,-0.14448049342916558
20151224,87,0.35131335256312118
20151225,65,-0.79413500856859287
20151226,36,-0.13011311114066626
20151227,29,-0.12085901634343084
20151228,33,0.24560641674708361
20151229,57,-0.59471490522905324
20151230,78,0.068478429124858561
20151231,64,-0.48797493152927285
20160101,30,0.43191668874276529
20160102,22,1.0963772598216559
20160103,48,-0.40508589154180041
20160104,95,0.67382330016411562
20160105,105,0.638796531151001
20160106,196,0.70549869084845107
20160107,186,-0.3892683687558981
20160108,108,-0.060365346655211073
20160109,50,-0.58247487465674508
20160110,44,-0.32211488331776483
20160111,123,0.309890021561446
20160112,287,-0.11144615097111955
20160113,212,0.17535308191659596
20160114,124,0.78920464943377022
20160115,158,-0.15469741536050488
20160116,31,-0.39568849213491258
20160117,20,0.030988499331825958
20160118,157,0.36592759380667517
20160119,108,0.35108066497150231
20160120,106,0.34413079817395886
20160121,120,0.013549052401471036
20160122,122,-0.65781264073158319
20160123,78,-2.0956601755718869
20160124,21,-0.50555283401615725
20160125,107,-0.72097203484910111
20160126,145,0.15376501478927052
20160127,323,-1.1891100999221993
20160128,228,-0.53928671942667084
20160129,87,0.19152062112820076
20160130,81,-0.91760305139066756
20160131,25,-0.04859432846516204
20160201,71,0.541537251642898
20160202,91,1.0052324714842089
20160203,154,0.73193215734783379
20160204,151,-0.22653305102883964
20160205,149,0.23824624478124906
20160206,27,0.0544241077307705
20160207,17,1.0827299961929788
20160208,96,0.65431321943685528
20160209,149,-0.41021819010583471
20160210,147,0.63252722000761485
20160211,177,-0.41303690444766339
20160212,131,-0.3480480296875344
20160213,40,0.21592018290723378
20160214,77,0.61261425548032766
20160215,174,-0.5146740650699364
20160216,288,0.27912438157017105
20160217,124,-0.51184361833261394
20160218,190,1.1399887911098598
20160219,118,0.042268336608901017
20160220,44,-0.304470559215657
20160221,24,-0.47264093770953031
20160222,105,0.3831593121119552
20160223,222,-0.8650432163900944
20160224,194,-0.444527363340484
20160225,133,-0.50268556271329745
20160226,170,0.4488012834603905
20160227,36,-0.16512952788514013
20160228,59,1.2463839197034481
20160229,197,-1.8675702378050276
20160301,167,0.36347517009572194
20160302,142,0.70192806534304075
20160303,358,-0.0036501358117153014
20160304,95,0.46698505083056668
20160305,35,0.66930993709224051
20160306,37,0.51382029079973734
20160307,169,0.03260798856454921
20160308,196,0.05880802948894568
20160309,153,0.33427302277817528
20160310,138,0.82894865957855857
20160311,125,-0.39064251886839868
20160312,51,0.581419569170337
20160313,34,0.018311756815667747
20160314,209,-0.28688969139675818
20160315,254,-0.12553020200656842
20160316,107,0.43606082000162172
20160317,154,0.23589141650825551
20160318,153,0.76802134463208171
20160319,45,0.30110119258968193
20160320,21,0.20498769934257935
20160321,100,-0.43094623599425896
20160322,135,-0.63385402523224865
20160323,170,-0.46936149485703021
20160324,148,0.43798468749107611
20160325,135,0.52656936434005586
20160326,25,-0.27007039593319465
20160327,26,0.40233426549136336
20160328,75,0.15987478897584217
20160329,118,0.22488586417707157
20160330,234,0.47380129868754706
20160331,179,0.97661245328584612
20160401,128,0.653896016754289
20160402,37,-0.57509540876984522
20160403,27,-0.40520156236894622
20160404,209,0.1752315446295844
20160405,273,0.23857965283527557
20160406,134,0.19564726053897005
20160407,216,0.34039814461746071
20160408,93,0.37641807955587531
20160409,30,-0.2507072603740591
20160410,31,-1.1623780575764677
20160411,142,0.77920535448889694
20160412,220,0.98306932489191012
20160413,297,-0.69404800143548429
20160414,155,0.541023960787839
20160415,45,-0.58472855749465336
20160416,18,-0.30675043440949229
20160417,17,1.4988940373092321
20160418,129,1.1137010381915646
20160419,97,-0.026389917179289651
20160420,124,-0.17729431054300929
20160421,197,-0.95028507035926824
20160422,112,0.28967723915782895
20160423,34,0.51493024670922671
20160424,38,0.2294002006017202
20160425,133,0.40057899900963007
20160426,107,0.8061946375271225
20160427,157,-1.2592321993173237
20160428,171,-0.23584879324544328
20160429,158,0.24048645848823036
20160430,35,0.045594345496733427
20160501,36,-0.55913526677298209
20160502,79,1.6460072820008662
20160503,100,0.31323031628896564
20160504,124,-0.25321871502370841
20160505,186,-1.1474667515332988
20160506,132,-0.0027468146410739094
20160507,42,-0.44172754109393431
20160508,96,-1.9617299970624278
20160509,186,-0.685537036824273
20160510,162,-0.22942654257538667
20160511,207,0.60696523580569428
20160512,337,0.19374644976653166
20160513,191,0.087805648314146736
20160514,43,0.702658801423328
20160515,53,-0.94751787934685072
20160516,190,-0.20558878866876812
20160517,140,0.25059537966643652
20160518,120,0.18248254850576959
20160519,187,0.013759359791087306
20160520,144,-0.31208705740511561
20160521,48,-0.3086794975996387
20160522,40,0.15971330346718737
20160523,56,0.84788087209661855
20160524,229,-0.55587522290396041
20160525,297,-1.3345346438311614
20160526,173,0.22960860540684064
20160527,130,-0.050953989684705159
20160528,31,0.41769837385563735
20160529,31,-2.0822962339676807
20160530,121,-1.0314599613156408
20160531,146,-0.077612943983733265
20160601,202,-1.1768425477261137
20160602,183,-0.47171597346143157
20160603,217,-0.8235004301662171
20160604,250,-0.89348837747302523
20160605,70,-0.94595099869171206
20160606,231,0.1195975760313111
20160607,255,1.7204757041268577
20160608,198,0.20659648474626943
20160609,367,-2.0298756431110556
20160610,158,-1.0960099785218662
20160611,49,-0.69186158462217284
20160612,28,0.034830706948534268
20160613,142,-0.63097481559267621
20160614,146,-0.53252699043038454
20160615,157,-0.21499827497283241
20160616,157,0.0764250445653387
20160617,149,-0.39989794840467274
20160618,72,-1.191970477916158
20160619,41,-1.2897926521352667
20160620,187,-0.46661976149187612
20160621,146,0.43685493980717016
20160622,158,-0.30084538484586881
20160623,186,0.10868921596406991
20160624,185,-0.32378886475403079
20160625,20,0.062098636082482082
20160626,43,0.64378539269276147
20160627,141,0.9959146583575551
20160628,163,0.089470629440282223
20160629,178,0.11907614896215606
20160630,159,0.42181382312199411
20160701,164,0.64624088900322341
20160702,170,0.19817745066570014
20160703,44,0.45059298829482153
20160704,86,0.36462110013554905
20160705,170,0.19974218662737145
20160706,168,0.32719571532954389
20160707,373,-1.31839760966252
20160708,128,-0.51583507854830923
20160709,34,0.286189394746063
20160710,32,-0.659217065667038
20160711,190,0.64488061124621787
20160712,151,0.57115981951408468
20160713,267,-0.704529875873296
20160714,192,-0.092933778486765012
20160715,174,0.0938875624504563
20160716,54,-0.921700617200739
20160717,34,-0.46470863368868814
20160718,102,0.6141107473131483
20160719,150,-0.503161321704354
20160720,128,0.7441703831573826
20160721,152,0.84047920072217586
20160722,126,0.239147284214152
20160723,35,0.52950109696607661
20160724,47,0.094325521378087585
20160725,155,0.51684931508988152
20160726,333,-1.7481911915477097
20160727,264,-1.7428754859674225
20160728,184,-0.19418254777839122
20160729,151,-0.24681774897587547
20160730,44,-0.537385415801245
20160731,47,0.25824544509051228
20160801,47,0.86181347728771907
20160802,217,-0.92437455307190008
20160803,154,-0.54479473786453791
20160804,217,-0.940263353098358
20160805,209,0.20072081497631378
20160806,57,-0.24949130708788586
20160807,37,-0.32748966846016603
20160808,107,0.0025800390785421096
20160809,192,0.014709681735319592
20160810,153,0.19763430914815022
20160811,199,-0.518084359014032
20160812,135,-0.30461480809813735
20160813,57,-0.49279690569243373
20160814,42,-0.88610159032873959
20160815,224,-0.5619694613220475
20160816,127,0.96499313598558267
20160817,234,0.30012574697534095
20160818,175,-1.0299105908236248
20160819,101,1.6204310652927874
20160820,57,-0.59240054987614987
20160821,30,0.9042612993204453
20160822,90,-0.30303197016468031
20160823,121,-0.16096482320949665
20160824,195,-0.2857302764458215
20160825,151,-0.15921454860434248
20160826,125,-0.35009215922139514
20160827,58,-2.9803044292274379
20160828,56,-1.5365186394722834
20160829,72,0.38287130059321045
20160830,194,-1.0657001200359693
20160831,156,-0.82601684839444689
20160901,168,0.025852285898146855
20160902,82,0.0025815914026117576
20160903,29,1.0025188995816927
20160904,30,-1.5032972314121074
20160905,42,0.33220380414768858
20160906,166,-2.0857928869570532
20160907,347,-0.775979862556711
20160908,138,-0.28963625121217534
20160909,132,-0.16503570637876172
20160910,73,-0.28959349756058722
20160911,51,-0.18176808798294036
20160912,113,0.73006106290249728
20160913,158,-0.55924420840599121
20160914,241,-0.8365654303859682
20160915,269,-1.5492300019138827
20160916,209,-1.6107004556501434
20160917,68,-0.5546854486468038
20160918,85,0.2381399514487022
20160919,114,0.50433256256497794
20160920,145,0.82316725618221587
20160921,120,0.48662989957037134
20160922,294,-1.9155776044173598
20160923,275,-1.7387338839545985
20160924,74,-1.4363510301572611
20160925,29,-1.5290183576193797
20160926,120,0.055806106551257575
20160927,142,0.51206130701177943
20160928,148,0.16932352041124055
20160929,131,0.36404500868157819
20160930,184,-0.13010355279280322
20161001,49,-0.18239330936896625
20161002,59,-0.80543449456703342
20161003,256,-1.3907433052761236
20161004,260,-1.4961544144333956
20161005,306,-1.1765683759848722
20161006,197,-0.8801405957485855
20161007,142,-0.53281819057651258
20161008,41,0.15973653287323397
20161009,54,-0.055815996225232409
20161010,64,0.6050319111727458
20161011,202,-0.22839907366839113
20161012,154,-0.67037794607830958
20161013,377,-0.49222558806636174
20161014,277,-0.90326929558214175
20161015,63,-0.70224797232209712
20161016,144,-0.0014854015158769149
20161017,248,-1.1493569956244516
20161018,237,-0.85526667919519672
20161019,271,-0.053402041780041543
20161020,290,0.24180391343918825
20161021,241,0.898916567028103
20161022,196,-0.571376318245684
20161023,46,-0.55550240378762694
20161024,147,-0.088622301433581033
20161025,118,0.8028090419157099
20161026,208,-0.9181075796718704
20161027,247,-0.065391315223824548
20161028,284,-0.53784771133523179
20161029,44,-0.36420711874348966
20161030,33,-0.40727979831868133
20161031,106,0.546395557670025
20161101,154,0.27772399415954957
20161102,128,0.89724834143698451
20161103,254,0.11812892110851665
20161104,287,-1.8585927260038182
20161105,71,-0.821053884389847
20161106,35,-0.48231072664684865
20161107,113,0.62046464226546172
20161108,217,-5.9031958785354249e-05
20161109,148,-0.25405930248873265
20161110,258,0.22500077856764686
20161111,114,0.49853033017169868
20161112,36,0.70479692585407272
20161113,59,-0.0914524225997974
20161114,203,-0.74784108050311882
20161115,425,-0.0011716982951272981
20161116,171,0.67077346195351428
20161117,391,-1.1918862379475694
20161118,278,-0.30090632668994649
20161119,52,-1.6594961133915569
20161120,62,0.21315570681878718
20161121,91,0.74316068513686129
20161122,103,0.73455131269465124
20161123,175,-0.055420566144630409
20161124,141,-0.93699383849158557
20161125,93,-0.069262374424301762
20161126,44,-1.483440835992875
20161127,42,0.68777166794946942
20161128,145,-0.82455687270647415
20161129,252,-0.40455846115232286
20161130,133,-0.023429813972403624
20161201,247,-0.21210403884167717
20161202,134,0.17168093936396525
20161203,65,-0.50723376062003012
20161204,248,-2.5090075621105892
20161205,216,-0.68920859134361789
20161206,157,0.094152808924710965
20161207,188,-0.39005429314420093
20161208,157,0.45892407635376009
20161209,111,0.46204340965551183
20161210,34,0.50896445040939986
20161211,37,-0.12203068507515732
20161212,149,-0.4284441311695239
20161213,143,0.26491440947436085
20161214,168,-0.33008308693647015
20161215,245,-0.80045773135079878
20161216,235,-0.25834743777772684
20161217,72,0.042837133999146709
20161218,23,0.83143937680941016
20161219,109,1.2514517309620945
20161220,103,0.80898672075887479
20161221,144,0.10992706814048191
20161222,167,0.42521147920856545
20161223,188,-0.12881813180373586
20161224,57,-0.40544796828318469
20161225,38,-0.41139973949690334
20161226,29,0.31314020981612395
20161227,163,-1.1122765987163719
20161228,200,-0.98226786231257457
20161229,165,0.093578544029887273
20161230,75,-0.24644556010777549
20161231,29,-0.0885267389982867
20170101,20,-0.576194129376092
20170102,40,0.40989682295091023
20170103,86,0.6219322842389553
20170104,111,0.055168550086709206
20170105,245,-0.48564596981439012
20170106,139,0.055333612931043462
20170107,122,-2.1119902541267641
20170108,98,-1.8368146284162692
20170109,93,-0.71558444246489616
20170110,268,-0.9442383302243158
20170111,338,-0.34029363692716041
20170112,311,-0.3451649847997561
20170113,159,-0.37793405657992746
20170114,47,-0.171165384407524
20170115,54,-1.9036143857222712
20170116,178,-0.47835111038295763
20170117,262,-0.11706339674189643
20170118,145,1.121135303626021
20170119,151,1.3342300866586161
20170120,245,-0.10893885668862487
20170121,74,-1.2122741172484583
20170122,25,-1.2955067301590253
20170123,154,0.37525131749848728
20170124,245,-0.82325567954386136
20170125,157,0.12138275579009553
20170126,209,-0.32991413408911924
20170127,178,-0.073711046360366919
20170128,35,0.16302138227143617
20170129,37,0.55092518558076542
20170130,112,-0.0447544553811576
20170131,199,-0.63610197628173315
20170201,137,0.91003784510434982
20170202,112,0.73214490210702632
20170203,240,-0.32224462453978014
20170204,144,-1.5977248941879043
20170205,105,-1.5859060769515179
20170206,104,-0.094086703663220528
20170207,123,0.14117628621290393
20170208,250,-0.068555896141739237
20170209,246,-0.28177052141541709
20170210,123,-0.059787166778668313
20170211,76,-1.2261282241504263
20170212,88,-0.34553132555046029
20170213,129,0.38157447369665076
20170214,177,-0.38490017043186525
20170215,262,-0.61667731226099232
20170216,211,0.44768686344860975
20170217,180,-0.013816569923976018
20170218,122,-0.237313736186054
20170219,79,-2.4996239135333229
20170220,72,-0.99472501865868235
20170221,213,0.35173162939077374
20170222,167,0.16468936333216286
20170223,186,0.59810658647079773
20170224,163,0.47609647435830227
20170225,60,-0.4025057135461676
20170226,33,0.30964320782757893
20170227,137,0.7300132024794
20170228,179,0.47055832253557583
20170301,210,0.52211089654782283
20170302,284,0.10278381934760657
20170303,307,-0.2150322717318828
20170304,93,-0.45759383558284328
20170305,51,-0.1729712486735841
20170306,279,0.455914683109187
20170307,284,0.0905896956407823
20170308,191,0.729169916683095
20170309,279,1.065004875694088
20170310,253,-1.4715673970476442
20170311,66,-0.97674694515985894
20170312,49,-0.36235315102152982
20170313,173,-0.030862200840775282
20170314,178,-1.0829335901557047
20170315,371,-0.72203148620607993
20170316,220,0.17593706740791473
20170317,154,0.17055279507173668
20170318,53,0.034705790628003663
20170319,26,-1.4743251634970613
20170320,127,0.12361375698886821
20170321,144,0.47781353138603283
20170322,197,0.25849047904792077
20170323,231,-0.33823558566685186
20170324,163,-0.31801474945976194
20170325,56,-1.2657728194300559
20170326,28,-1.5779160540524044
20170327,174,-0.71499177265951519
20170328,197,0.032046421383493666
20170329,215,-0.24077207208327747
20170330,170,-0.25511238482397014
20170331,198,-0.62940846700870468
20170401,103,-1.0267140948359537
20170402,94,-3.8645526027334625
20170403,101,-0.071284597316887341
20170404,185,0.20238807069638309
20170405,360,-0.22549558194179067
20170406,254,-1.0849681409060967
20170407,114,-0.21517280427237681
20170408,38,-0.0655763946405592
20170409,61,-0.32680002141087539
20170410,266,-0.35591524830828941
20170411,169,-0.37485128959264369
20170412,257,-0.19762562336758085
20170413,286,-0.969583478115295
20170414,66,-0.0069447064087882482
20170415,15,-0.54893446486734354
20170416,90,-0.86575903665231968
20170417,313,-1.06610385451016
20170418,514,-0.60522521737341572
20170419,285,-0.63619700221275588
20170420,600,-1.3684576694248591
20170421,292,-1.1048146409151323
20170422,110,-0.783787799238707
20170423,94,-0.427837999290803
20170424,124,-0.60214501955561206
20170425,159,0.14547159291436473
20170426,247,-0.25269038697265328
20170427,272,0.13358863499448931
20170428,251,-0.378349509780172
20170429,74,-0.97207773796323016
20170430,76,-0.80180594470485489
20170501,244,-0.82706617008680683
20170502,216,-0.534160760216648
20170503,342,-0.66403699447488362
20170504,220,-0.47404219834456507
20170505,167,-0.93197939043172351
20170506,73,-1.2272410243263259
20170507,39,-1.384432744356848
20170508,195,-0.25854392456138148
20170509,250,-0.0021877171160632185
20170510,196,-0.0494283648133455
20170511,226,-0.97953864348361874
20170512,215,-0.85088424113166594
20170513,106,0.93026213675532732
20170514,49,-0.39692515759237856
20170515,254,0.1084960306292815
20170516,157,0.29683136479340083
20170517,142,0.37129243204873069
20170518,161,0.47118451634631109
20170519,187,0.3095767963461426
20170520,36,0.19895159695737077
20170521,27,-0.7232320751572302
20170522,56,0.22183938455065225
20170523,168,-0.69365231591748444
20170524,230,-0.029962317804945324
20170525,201,-0.24145016408492695
20170526,163,-1.3540500203560581
20170527,52,-1.6184844874303141
20170528,50,0.026846549928632966
20170529,119,-0.30808018208176691
20170530,157,0.55599847221287824
20170531,229,-1.0734399626350868
20170601,184,-1.2081348678215775
20170602,137,-0.66448904413371224
20170603,51,-0.87456965090227312
20170604,62,-0.2992668198708533
20170605,239,-1.1811605422608873
20170606,187,0.13811983249631168
20170607,187,-0.59869567313277239
20170608,248,-1.0979517499121962
20170609,173,-0.18159563955535976
20170610,351,-0.22213724662929105
20170611,65,-0.064253012581538385
20170612,138,0.00058055884118163315
20170613,303,-0.87708941980154753
20170614,205,-0.45990518729852686
20170615,295,-0.7957555411717272
20170616,169,-1.2999818121698279
20170617,80,-0.43905221006344808
20170618,71,-1.1597472268370932
20170619,124,0.045597270317976904
20170620,270,-1.2232761973534021
20170621,197,0.63474925619034128
20170622,302,0.43439238898640553
20170623,202,0.094226768556503929
20170624,60,0.69158486474722169
20170625,35,0.74582824922182411
20170626,93,0.34247696929226268
20170627,116,0.32508134659514276
20170628,176,-0.0675732593759471
20170629,134,0.30294675876290356
20170630,94,0.34671910676444451
20170701,45,0.6016534918151567
20170702,26,0.82392551723607788
20170703,68,-0.66010741936690454
20170704,119,0.33525484948386508
20170705,120,0.4561008040415121
20170706,265,-1.0803827475603218
20170707,144,-0.74706218090961818
20170708,43,-0.94690974688940277
20170709,32,-0.40807405051367246
20170710,101,-0.25717562453481413
20170711,147,-0.50337836708069672
20170712,229,-0.23062409470965847
20170713,332,-1.0585137721246687
20170714,136,-0.31655752507834728
20170715,35,0.1709812495434633
20170716,20,0.0051648832671869482
20170717,250,-0.80032758640831148
20170718,188,-0.30408264542728042
20170719,141,-0.71373514824859063
20170720,134,0.016179467997961858
20170721,90,0.41400361723341977
20170722,41,-0.18619085728532264
20170723,20,0.49568600294351955
20170724,68,0.56361713336050534
20170725,67,0.2677472850234407
20170726,150,-0.4060844888376175
20170727,176,0.3281434580610012
20170728,133,-0.14003292211220777
20170729,97,3.7694386098624317
20170730,69,1.7933147697518141
20170731,134,0.93256056219097927
20170801,97,0.3125837569041941
20170802,157,0.10985997313527023
20170803,282,-0.17636773430809077
20170804,187,-0.61291315062333318
20170805,141,-2.2244626295991203
20170806,73,-0.21314726927905467
20170807,80,0.992194915048327
20170808,145,0.15491028486306563
20170809,231,-0.20510819587973841
20170810,136,-0.15771402601450207
20170811,119,0.17353424783028115
20170812,21,-0.2864828181137184
20170813,77,-2.2873803411381193
20170814,118,-1.2993153285607775
20170815,233,-0.47410513196741932
20170816,160,0.386543233835043
20170817,154,-0.0750884103484596
20170818,126,-0.5017173932032476
20170819,40,-0.70841276438806333
20170820,34,-1.1907083938243086
20170821,91,0.6945705525786583
20170822,123,-0.10666450812955143
20170823,184,0.23207468589272354
20170824,144,-0.13766781393555236
20170825,117,-0.42673029037455867
20170826,41,-1.5436995458044245
20170827,66,-0.1171123722945894
20170828,61,-1.4751926800560411
20170830,90,-0.29951181735111154
20170831,142,-0.1847354048886774
20170901,94,-0.32175661660890026
20170902,39,-0.32928401096749277
20170903,25,-0.93329502769537043
20170904,119,-2.4579702314887464
20170905,137,-1.6284600568921586
20170906,274,-0.78536432722423766
20170907,199,-0.1978898894966491
20170908,141,-0.056455073926673018
20170909,48,-0.59296174446064365
20170910,51,-1.0418059205533372
20170911,110,-0.4094351080842264
20170912,117,0.6575521817933313
20170913,156,0.0455057386006419
20170914,140,0.31223752572453012
20170915,159,-0.51844626296727292
20170916,44,-0.66520785956566886
20170917,59,-2.3915442231742277
20170918,123,-0.38343021125961785
20170919,162,0.37866936274659418
20170920,107,0.24783166172991306
20170921,107,-0.180564326179582
20170922,77,0.72149779683949655
20170923,37,-0.55985492058992881
20170924,55,0.16196981812126271
20170925,103,0.0592780146937713
20170926,198,-0.56419569881568532
20170927,107,0.22177734036062588
20170928,147,-0.25483820782514044
20170929,145,-0.80939963164629569
20170930,58,0.55816228596732287
20171001,41,-0.34434940776830614
20171002,184,-0.59451208992114757
20171003,213,-1.1304909813848651
20171004,211,-0.8101360523674207
20171005,177,-0.18433234151235739
20171006,91,0.38623201132264784
20171007,42,-0.596479857718939
20171008,19,0.53250657541092938
20171009,50,-0.0058932263814293895
20171010,129,-0.027846443263039727
20171011,141,-0.8882044844157363
20171012,183,-0.80500827888389193
20171013,138,-0.038417689614570816
20171014,81,-0.79813750927338922
20171015,34,-0.18419503452294922
20171016,173,-0.015692961944339431
20171017,199,-0.79151271856178518
20171018,113,-0.17632219929334236
20171019,185,0.95764143248122369
20171020,144,0.024666600629594047
20171021,40,-0.42762143885176696
20171022,36,0.11360959210005
20171023,135,-0.33373610283128452
20171024,422,0.88091648938060152
20171025,336,-0.14606497759963025
20171026,259,-0.53908809522412815
20171027,157,-0.66931780151423326
20171028,77,-0.71883604676350188
20171029,77,0.060406709115622362
20171030,114,-0.362034011431385
20171031,89,0.073831829581881739
20171101,200,-0.10687434593491697
20171102,275,-0.45196620975093849
20171103,152,0.23745088033382158
20171104,40,-0.55632780760368827
20171105,78,-1.0817491845408853
20171106,196,-0.92563926893702564
20171107,131,0.44821575329582153
20171108,160,0.0165519291026114
20171109,131,0.088116921545473792
20171110,136,0.42662748268635065
20171111,46,-0.075625987634185821
20171112,27,-0.44447007816362782
20171113,117,0.59784018979740339
20171114,149,0.3391178126618023
20171115,379,-0.23168318335153237
20171116,146,-0.041465185249467629
20171117,113,0.54933176638047276
20171118,69,0.48208606188711151
20171119,57,-0.07541222405003703
20171120,120,0.24246890982780939
20171121,128,0.88036887957477938
20171122,182,0.82776096746924388
20171123,161,0.42581323764621443
20171124,160,0.50882230585538535
20171125,51,0.58134219648696228
20171126,38,0.74230522285748946
20171127,111,0.22873920757059152
20171128,406,-0.8698956216380227
20171129,278,-0.1798550576883727
20171130,216,0.47780085336199418
20171201,250,0.13667645971775189
20171202,115,-0.36506960686797735
20171203,58,-0.46966789625980776
20171204,94,-0.021472878030166315
20171205,142,-0.14597149894443484
20171206,241,-0.6363133340426339
20171207,277,-0.65469456820105254
20171208,219,-0.96604782271650935
20171209,54,0.4653905191436597
20171210,90,0.31557908139383906
20171211,111,0.24428605152419447
20171212,270,-1.01528885433189
20171213,247,-0.74003420567177147
20171214,307,-0.86835787280935406
20171215,143,-0.32240088222983082
20171216,359,0.5370291487369776
20171217,133,-1.8819929392766606
20171218,418,-3.6225383086481653
20171219,301,-0.55903244654034923
20171220,210,-0.5546027486421693
20171221,162,-0.238262816007888
20171222,143,-0.63995259721547371
20171223,48,-0.59641726778576187
20171224,30,0.72898400953815
20171225,32,0.049997666434418428
20171226,45,-1.5753345102676315
20171227,127,-1.2645203110355665
20171228,107,0.084020952301785939
20171229,67,-0.37281472622926243
20171230,30,-0.65181557771670007
20171231,42,-1.204941154713483
20180101,32,-0.13925298361135408
20180102,93,-0.68924351787155647
20180103,207,1.6464824589533147
20180104,160,0.035408596895006313
20180105,76,-0.28745383021079712
20180106,56,0.048391560318765819
20180107,26,0.0083953359892802865
20180108,201,0.40319735989380451
20180109,185,0.1074733802009965
20180110,188,-0.1038070901374106
20180111,193,0.61146483471249136
20180112,186,-0.528976679375451
20180113,58,-0.64205127114469751
20180114,25,-0.53055079580009923
20180115,259,-0.78468970951079242
20180116,106,0.05381315893914547
20180117,289,0.27028133487250144
20180118,331,0.72363841175700971
20180119,142,0.0058632681616361537
20180120,50,-0.5858557350025394
20180121,80,-1.2946141614717714
20180122,147,0.69305562244529884
20180123,145,-0.45693707184806143
20180124,160,-0.4078384342718166
20180125,180,1.5138203376973769
20180126,124,-0.05067366312909214
20180127,99,-1.9489114119012041
20180128,32,-0.48960659009594243
20180129,162,-3.0221749377495359
20180130,388,-2.4952502930554559
20180131,152,-1.5025162608768268
20180201,289,-2.1163957430930989
20180202,133,0.051404484790073986
20180203,53,0.76831439751005071
20180204,36,-0.070549573266273757
20180205,162,-0.24298261657268966
20180206,291,-0.33082555368675604
20180207,209,0.0059556374612755765
20180208,339,-2.4227418030174834
20180209,287,-2.6046787420899582
20180210,47,-0.8527141657059738
20180211,74,-0.080726776534809058
20180212,94,0.23678068047646669
20180213,104,0.03959460861779357
20180214,161,-0.78809897009004137
20180215,288,-0.11288415401817671
20180216,126,-0.19030916756192437
20180217,65,-0.53864639290067151
20180218,66,0.18125681591047924
20180219,81,-0.81410702931721723
20180220,146,0.15949903553855474
20180221,190,0.3662856826799995
20180222,138,0.36854612923805796
20180223,210,-2.9422661687818521
20180224,76,-1.9189360188106042
20180225,43,-0.26351354297700613
20180226,140,-1.7729626229615982
20180227,134,0.5989158903540952
20180228,309,-0.99613798382637531
20180301,129,1.1416486524509044
20180302,163,-0.090774036624896609
20180303,42,0.23059051324438129
20180304,35,0.52099570229468484
20180305,253,-2.2051614553069476
20180306,226,-1.3879522242226821
20180307,117,-0.33598870877636455
20180308,140,-0.033302273009310664
20180309,221,-1.7250809134476317
20180310,42,0.15947731723334888
20180311,77,-2.3566210291992085
20180312,151,-1.615114559335421
20180313,134,0.224735508878331
20180314,140,-0.21168863006397448
20180315,234,-1.2944021531816177
20180316,168,-0.49036583839629433
20180317,53,-0.22196539116188874
20180318,22,-0.41737333015281863
20180319,86,-0.4678441097617892
20180320,165,-0.69406029357811361
20180321,151,0.014639164762671901
20180322,210,-1.9929521230030252
20180323,95,0.53382964137654
20180324,42,-0.630097497246592
20180325,27,-0.46704309647802517
20180326,59,0.519666327649024
20180327,165,-1.3036611305968007
20180328,187,0.0080883753071205738
20180329,277,-0.4799158085951617
20180330,64,0.15576755997681108
20180331,57,0.15722000662686797
20180401,23,0.60350530603666874
20180402,83,0.52640194959625375
20180403,111,0.87320944083977414
20180404,376,-1.4704616068618448
20180405,130,0.064028005328873636
20180406,98,-0.19167028595700525
20180407,62,0.1595549244158283
20180408,36,0.20633018212211102
20180409,156,1.1466356403233653
20180410,189,0.38135650315113878
20180411,228,-1.3610086779468094
20180412,201,-0.374300143208823
20180413,189,-0.80382581188018531
20180414,71,-0.73651954688933641
20180415,30,0.522520952979977
20180416,160,-2.7328749127014622
20180417,122,-0.66244255796537266
20180418,150,-0.17430520753459378
20180419,126,0.28045562104140331
20180420,78,0.79734247649060486
20180421,60,0.034782726326494449
20180422,29,-0.52561889810542006
20180423,164,0.17453822422537238
20180424,258,-1.9713669052730292
20180425,160,-0.81403927972192458
20180426,217,-2.15863024231436
20180427,198,-0.92168553751024873
20180428,48,-0.15326732551349237
20180429,80,-2.6155228522550265
20180430,187,-0.61221063181063673
20180501,219,-0.52414428168680216
20180502,119,0.23557047853642715
20180503,247,-0.41168367552896329
20180504,211,-0.81251149930756883
20180505,50,0.039905718775882781
20180506,26,-0.27693705607619679
20180507,74,-0.037948769502116959
20180508,265,-0.58480248238455124
20180509,303,-0.18471913610128129
20180510,212,0.19155223060774162
20180511,139,-1.1228408130076042
20180512,63,-0.38611536369141547
20180513,75,-1.4420774573046995
20180514,188,-0.245623652675028
20180515,309,0.044488911149902916
20180516,299,-0.43814527579996415
20180517,220,-0.053548722264712745
20180518,128,1.3460366122260539
20180519,44,-1.3428549531417093
20180520,30,0.530362066155633
20180521,117,0.20463871822428784
20180522,191,2.1956101018884167
20180523,288,2.3050474700377066
20180524,356,1.1208303648939577
20180525,169,-0.84405834049704764
20180526,84,0.389922584670253
20180527,70,2.3351264955609663
20180528,77,0.85595950253516173
20180529,257,-0.15206981382421056
20180530,210,-0.90583531890211855
20180531,130,1.4147964203980654
20180601,113,0.41354353140081462
20180602,64,1.9045370316231753
20180603,99,-1.9318303542229351
20180604,203,-1.2158533572961614
20180605,165,0.572942805635472
20180606,200,1.2629027583489885
20180607,196,-0.61989515776591941
20180608,132,-0.62899757195926165
20180609,52,-0.3389885932786123
20180610,93,3.6736287481570713
20180611,98,0.80869247054851923
20180612,149,-1.2766270223709935
20180613,97,0.65595470764539265
20180614,271,1.3461264950714333
20180615,156,-0.59248635031547014
20180616,104,1.073485637702283
20180617,84,1.3989186858336562
20180618,174,-0.063355406695680988
20180619,82,0.52945680947669271
20180620,262,-0.94955140206564415
20180621,239,-1.5312687826296634
20180622,136,-1.0590630048921874
20180623,33,0.293059493958426
20180624,74,-0.3266808828718088
20180625,100,-0.061615353946344945
20180626,220,-1.1993311607215222
20180627,203,-1.0799124104364215
20180628,174,0.39123142711311171
20180629,126,-2.3569954988132622
20180630,44,0.28422434600724727
20180701,34,-0.32775295259471948
20180702,61,0.53982531188843075
20180703,180,-0.46552603208157994
20180704,171,-1.3685857485031092
20180705,289,-0.900943592520899
20180706,235,-1.7529003187117063
20180707,49,-0.84720880639253449
20180708,31,-0.64350387462936331
20180709,141,0.16501771991399466
20180710,321,-0.32182887306422714
20180711,140,0.54847600584571343
20180712,179,0.089808644659802414
20180713,108,-0.58217095450288969
20180714,41,-0.44569228671399114
20180715,43,-1.1089653963446702
20180716,241,-0.34606828342466062
20180717,159,0.22288106142660657
20180718,163,-0.94257233444367
20180719,127,-0.055483867888977877
20180720,125,1.0055952124361103
20180721,46,-0.69477191899544088
20180722,145,-1.0253588708088963
20180723,128,-0.66854580907518157
20180724,262,-0.40314717022236646
20180725,116,-0.85578992413739408
20180726,209,-1.5574482242621017
20180727,105,-0.41949553515267723
20180728,62,-0.988838693614294
20180729,26,0.73927891483529762
20180730,73,-0.49980917767683775
20180731,256,-1.3705819793439664
20180801,159,-0.26949503844414613
20180802,177,-0.12829155544518006
20180803,199,-0.98899346112575015
20180804,34,-0.836733817964467
20180805,79,-0.98443029585038344
20180806,68,0.45078002641223514
20180807,118,0.12835264533567006
20180808,167,-0.21169310673155917
20180809,192,-0.58996066038063788
20180810,75,-0.0061643391515713714
20180811,94,0.69794720678948874
20180812,131,-0.72297040514158384
20180813,82,-0.15458476493051676
20180814,141,0.6113252990120005
20180815,391,-1.903621734472003
20180816,119,0.33761791858169843
20180817,78,-0.23337407252494854
20180818,36,0.40026840581328654
20180819,84,0.0918256292280845
20180820,300,-0.14258427165662782
20180821,131,-0.37342305509398643
20180822,245,0.67031950578781851
20180823,220,0.93681801489566829
20180824,105,0.78232909477672907
20180825,59,1.1671205367395259
20180826,71,-1.2275130341835168
20180827,203,-0.10049243160265149
20180828,146,0.27801668412550723
20180829,163,-0.09103573980174455
20180830,138,0.47174550279868854
20180831,58,-0.13123022316830016
20180901,32,0.688414428130868
20180902,22,0.41227821361158984
20180903,30,1.7590899729974638
20180904,105,1.3591210353218846
20180905,135,0.10920849575129113
20180906,245,0.39864534303424359
20180907,76,-0.25672093984401928
20180908,39,0.048813419070733416
20180909,33,0.18874874509028172
20180910,164,2.11123877622969
20180911,162,-0.37679627516966369
20180912,113,-0.67170630655183461
20180913,151,-0.377744642433626
20180914,104,0.42620612571903033
20180915,59,0.41258464488401747
20180916,71,-1.2106527415169255
20180917,219,-0.94701196031932267
20180918,211,-0.78299608017095834
20180919,159,0.23112827254779791
20180920,141,0.63716473053597078
20180921,67,0.93832949622946615
20180922,39,1.9964696871868934
20180923,81,0.7213920961143222
20180924,108,0.6968494819888762
20180925,117,-0.044039746422593319
20180926,139,-1.2451560641837804
20180927,129,-0.090128295073169135
20180928,225,-0.74900373908501239
20180929,42,0.39260663674052937
20180930,40,0.181351305036326
20181001,119,0.43698237063691481
20181002,140,0.30768547639784422
20181003,213,-0.30834054017198836
20181004,374,-0.94281037047146676
20181005,150,-0.11909349450085403
20181006,42,-0.83793271272744818
20181007,28,0.852196436668219
20181008,75,0.36202485446700938
20181009,145,-0.23818069952701165
20181010,148,0.57547160652418528
20181011,173,0.6364229260524098
20181012,148,0.93963135129552988
20181013,22,-0.036847538381111371
20181014,85,1.4862496792165769
20181015,189,0.17854417419057031
20181016,187,1.140501475336088
20181017,161,0.54487344211944888
20181018,185,0.16306462296863292
20181019,93,0.687393793358603
20181020,45,-0.26366391808427453
20181021,128,-0.47036680271817771
20181022,83,0.56107451742314274
20181023,232,-0.86219524416610682
20181024,166,0.63580801789637542
20181025,155,-0.87099368792906451
20181026,128,-0.18025532660499166
20181027,119,0.0721941498258014
20181028,144,-0.37749330528765529
20181029,316,1.4997428178220231
20181030,305,-0.43083034324031444
20181031,134,0.83764416123339391
20181101,163,0.36459948755325994
20181102,91,0.88631900560339161
20181103,57,-0.82909983625120121
20181104,65,1.184361833122388
20181105,101,0.76444867452755083
20181106,101,1.3179450452261168
20181107,155,-0.948859740680815
20181108,126,0.16584810885076659
20181109,108,1.2819383986715682
20181110,24,1.1152457266090776
20181111,24,0.068147216087015433
20181112,85,-0.43261870028850152
20181113,134,0.20250218712999771
20181114,175,0.69059859421469016
20181115,344,-0.8942504188163829
20181116,105,-0.21015867238264915
20181117,36,0.52682255196343664
20181118,20,-0.07361198238504639
20181119,68,0.10952223575556588
20181120,76,-0.0057483986549311389
20181121,69,0.0590398334595682
20181122,129,-0.50209520887107661
20181123,97,0.42076853328024449
20181124,52,0.29807940783948761
20181125,91,-0.829312958868213
20181126,100,-0.20679389678529261
20181127,138,-0.86483571748983623
20181128,235,0.61313482204162983
20181129,167,0.3677071109970188
20181130,121,0.27966624912246529
20181201,142,-0.70615593860666914
20181202,45,-1.9480868738245345
20181203,168,-1.7446547647398876
20181204,120,-0.35520311974546676
20181205,239,-1.1047676537162379
20181206,125,-0.018904520653496012
20181207,81,0.53938061826093553
20181208,30,-0.080755739674238089
20181209,51,1.6942824445627425
20181210,72,-0.031472058875064379
20181211,239,-0.48199043770344346
20181212,231,-1.6895059079666277
20181213,269,-2.2341155245601816
20181214,452,-2.3250554015499416
20181215,50,-0.94736508055265389
20181216,60,-0.290888321793022
20181217,204,-0.48354401528533331
20181218,111,0.088094191057853488
20181219,153,0.86897431158369942
20181220,97,0.41594970126960751
20181221,75,-0.28609442061523843
20181222,39,-0.35858983931680727
20181223,265,-0.63332270702234694
20181224,62,-0.28195791931006264
20181225,27,0.22309095996470171
20181226,47,0.0054781944232470681
20181227,44,0.48030152585365465
20181228,72,1.2866715972727631
20181229,18,-1.0820667743448908
20181230,53,0.37551193865908816
20181231,42,-0.19670145551724855
20190101,27,0.57920608699500276
20190102,55,0.44356548616841346
20190103,117,-1.9633830623199771
20190104,235,-1.318096106821802
20190105,42,-0.64128913653069008
20190106,66,-0.19274089767763131
20190107,75,0.013842725734050756
20190108,84,0.28854469650666931
20190109,172,0.20271714250449524
20190110,122,-2.170322316714854
20190111,127,-0.53498215414864025
20190112,39,-0.50655543924393043
20190113,63,-0.44495832373654937
20190114,209,-1.865253681639379
20190115,350,-2.4382184634127118
20190116,104,-1.0408580777005652
20190117,308,-0.99858207272154209
20190118,99,-0.57275015604389157
20190119,32,0.21344094006214293
20190120,79,-0.47729298725544289
20190121,109,0.92584187218796643
20190122,192,-0.53077169863294049
20190123,140,-0.14441088210851019
20190124,368,-0.13087544093960635
20190125,132,-0.14667914153632569
20190126,38,-0.23028822814018909
20190127,53,-0.83472230739612463
20190128,104,0.13621246870111067
20190129,195,0.437252180225636
20190130,132,-1.3934146113093717
20190131,171,-0.46114649588063128
20190201,301,-1.1709124309740371
20190202,45,-1.2446300574255547
20190203,56,-0.65257174275262386
20190204,95,0.40902381764628248
20190205,237,-2.1376991069765112
20190206,214,-1.2527724931510906
20190207,226,-2.23568067627561
20190208,177,-3.5982761704003803
20190209,58,-0.4614384714857151
20190210,84,0.68946561182223809
20190211,205,1.2331021539909224
20190212,167,-1.1886336701782205
20190213,133,-0.083656744819740211
20190214,201,0.0411449437208337
20190215,203,-0.29651183323680946
20190216,47,-1.2419052660733736
20190217,92,-3.6665677861793782
20190218,33,-0.69193745285770647
20190219,101,-1.0767207558717082
20190220,155,-0.18593204811403921
20190221,143,0.16328228510962517
20190222,229,-1.4629415417289329
20190223,40,0.41669778605870139
20190224,58,0.52442947993728206
20190225,99,-0.69109219955823087
20190226,179,0.373382638224937
20190227,105,0.82848724133395246
20190228,96,0.63757572381446481
20190301,108,-0.1094146317276448
20190302,75,0.1882930059068901
20190303,72,-1.1043324114747579
20190304,74,0.1922041094267011
20190305,231,-2.0086548119222281
20190306,108,0.14665967325874008
20190307,122,0.16712901743297165
20190308,63,0.78781670844466578
20190309,26,-0.18651078091311923
20190310,57,-0.93542482437973506
20190311,56,0.8510483067786635
20190312,76,1.1272976650379007
20190313,143,-0.82123158460456769
20190314,142,-1.0597284865776269
20190315,198,-0.024621161543571322
20190316,35,-0.32417340755079149
20190317,76,-1.8503987471748384
